<component name="ProjectRunConfigurationManager">
  <configuration default="false" name="spring-boot:run" type="MavenRunConfiguration" factoryName="Maven">
    <MavenSettings>
      <option name="myGeneralSettings" />
      <option name="myRunnerSettings" />
      <option name="myRunnerParameters">
        <MavenRunnerParameters>
          <option name="cmdOptions" />
          <option name="profiles">
            <set />
          </option>
          <option name="goals">
            <list>
              <option value="spring-boot:run" />
              <option value="-Dspring-boot.run.jvmArguments=-agentlib:jdwp=transport=dt_socket,server=y,suspend=n,address=8001" />
            </list>
          </option>
          <option name="pomFileName" />
          <option name="profilesMap">
            <map />
          </option>
          <option name="projectsCmdOptionValues">
            <list />
          </option>
          <option name="resolveToWorkspace" value="false" />
          <option name="workingDirPath" value="$PROJECT_DIR$" />
        </MavenRunnerParameters>
      </option>
    </MavenSettings>
    <method v="2" />
  </configuration>
</component>